GROUP,PACKAGE,CLASS,INSTRUCTION_MISSED,INSTRUCTION_COVERED,BRANCH_MISSED,BRANCH_COVERED,LINE_MISSED,LINE_COVERED,COMPLEXITY_MISSED,COMPLEXITY_COVERED,METHOD_MISSED,METHOD_COVERED
CIM-SemanticGraph-Platform,com.cim.semanticgraph.controller,GraphRAGController.QuestionRequest,124,0,22,0,5,0,21,0,10,0
CIM-SemanticGraph-Platform,com.cim.semanticgraph.controller,ShaclController,79,0,2,0,20,0,6,0,5,0
CIM-SemanticGraph-Platform,com.cim.semanticgraph.controller,SparqlController.SparqlRequest,81,0,14,0,4,0,15,0,8,0
CIM-SemanticGraph-Platform,com.cim.semanticgraph.controller,GraphRAGController.ImpactRequest,81,0,14,0,4,0,15,0,8,0
CIM-SemanticGraph-Platform,com.cim.semanticgraph.controller,ExcelController,297,0,22,0,74,0,16,0,5,0
CIM-SemanticGraph-Platform,com.cim.semanticgraph.controller,GraphRAGController,223,0,14,0,57,0,15,0,8,0
CIM-SemanticGraph-Platform,com.cim.semanticgraph.controller,ReportController.DataQualityReportRequest,82,0,14,0,4,0,15,0,8,0
CIM-SemanticGraph-Platform,com.cim.semanticgraph.controller,SystemController,288,0,4,0,59,0,6,0,4,0
CIM-SemanticGraph-Platform,com.cim.semanticgraph.controller,CimController,450,0,8,0,96,0,13,0,9,0
CIM-SemanticGraph-Platform,com.cim.semanticgraph.controller,LoadFlowController,321,0,8,0,74,0,16,0,12,0
CIM-SemanticGraph-Platform,com.cim.semanticgraph.controller,ReportController,140,0,0,0,36,0,6,0,6,0
CIM-SemanticGraph-Platform,com.cim.semanticgraph.controller,HistoryController,84,0,2,0,23,0,7,0,6,0
CIM-SemanticGraph-Platform,com.cim.semanticgraph.controller,DiagnosticController,30,0,0,0,8,0,3,0,3,0
CIM-SemanticGraph-Platform,com.cim.semanticgraph.controller,SparqlController,240,0,8,0,55,0,11,0,7,0
CIM-SemanticGraph-Platform,com.cim.semanticgraph.model,ImportHistory.ImportHistoryBuilder,92,0,0,0,1,0,12,0,12,0
CIM-SemanticGraph-Platform,com.cim.semanticgraph.model,ImportHistory.ImportStatus,21,0,0,0,2,0,1,0,1,0
CIM-SemanticGraph-Platform,com.cim.semanticgraph.model,ChatHistory,498,0,86,0,26,0,71,0,28,0
CIM-SemanticGraph-Platform,com.cim.semanticgraph.model,ChatHistory.ChatHistoryBuilder,101,0,0,0,1,0,13,0,13,0
CIM-SemanticGraph-Platform,com.cim.semanticgraph.model,ImportHistory,422,0,72,0,13,0,61,0,25,0
CIM-SemanticGraph-Platform,com.cim.semanticgraph.repository,InMemoryChatHistoryRepository,84,0,2,0,18,0,11,0,10,0
CIM-SemanticGraph-Platform,com.cim.semanticgraph.service,CimTransformerService,813,0,71,0,179,0,50,0,13,0
CIM-SemanticGraph-Platform,com.cim.semanticgraph.service,OllamaService,276,0,4,0,62,0,13,0,11,0
CIM-SemanticGraph-Platform,com.cim.semanticgraph.service,LoadFlowService,354,808,84,60,77,230,71,19,4,14
CIM-SemanticGraph-Platform,com.cim.semanticgraph.service,NetworkDiagnosticService,760,0,60,0,198,0,40,0,10,0
CIM-SemanticGraph-Platform,com.cim.semanticgraph.service,ShaclValidationService.Violation,250,0,46,0,7,0,38,0,15,0
CIM-SemanticGraph-Platform,com.cim.semanticgraph.service,GroqService,253,0,14,0,48,0,16,0,9,0
CIM-SemanticGraph-Platform,com.cim.semanticgraph.service,NetworkDiagnosticService.DiagnosticResult,219,0,0,0,60,0,39,0,39,0
CIM-SemanticGraph-Platform,com.cim.semanticgraph.service,NetworkDiagnosticService.DiagnosticIssue,15,0,0,0,6,0,3,0,3,0
CIM-SemanticGraph-Platform,com.cim.semanticgraph.service,ExcelImportService,2804,0,287,0,458,0,160,0,15,0
CIM-SemanticGraph-Platform,com.cim.semanticgraph.service,ReportService,1286,0,36,0,181,0,31,0,13,0
CIM-SemanticGraph-Platform,com.cim.semanticgraph.service,ImportHistoryService,202,0,12,0,55,0,18,0,12,0
CIM-SemanticGraph-Platform,com.cim.semanticgraph.service,GraphRAGService,2396,0,222,0,416,0,133,0,22,0
CIM-SemanticGraph-Platform,com.cim.semanticgraph.service,ShaclValidationService,521,0,48,0,142,0,34,0,10,0
CIM-SemanticGraph-Platform,com.cim.semanticgraph.service,ExcelImportService.ImportResult.ImportResultBuilder,74,0,0,0,1,0,10,0,10,0
CIM-SemanticGraph-Platform,com.cim.semanticgraph.service,ShaclValidationService.ValidationResult.ValidationResultBuilder,73,0,0,0,1,0,10,0,10,0
CIM-SemanticGraph-Platform,com.cim.semanticgraph.service,EmbeddingService,369,0,32,0,61,0,25,0,9,0
CIM-SemanticGraph-Platform,com.cim.semanticgraph.service,PandapowerService,495,4,26,0,76,1,17,1,4,1
CIM-SemanticGraph-Platform,com.cim.semanticgraph.service,ShaclValidationService.ValidationResult,276,0,34,0,9,0,37,0,20,0
CIM-SemanticGraph-Platform,com.cim.semanticgraph.service,ChatHistoryService,70,0,0,0,18,0,9,0,9,0
CIM-SemanticGraph-Platform,com.cim.semanticgraph.service,ExcelImportService.ImportResult,294,0,40,0,9,0,40,0,20,0
CIM-SemanticGraph-Platform,com.cim.semanticgraph.service,JenaService,1674,223,97,11,350,64,78,11,25,10
CIM-SemanticGraph-Platform,com.cim.semanticgraph.loadflow.solver,SimplifiedLoadFlowSolver,994,4,170,0,214,1,91,1,6,1
CIM-SemanticGraph-Platform,com.cim.semanticgraph.loadflow.solver,SimplifiedLoadFlowSolver.LoadFlowResult,173,34,24,0,2,5,22,6,10,6
CIM-SemanticGraph-Platform,com.cim.semanticgraph.loadflow.solver,SimplifiedLoadFlowSolver.LoadFlowResult.LoadFlowResultBuilder,17,37,0,0,0,1,2,6,2,6
CIM-SemanticGraph-Platform,com.cim.semanticgraph,CimSemanticGraphApplication,45,0,0,0,15,0,3,0,3,0
CIM-SemanticGraph-Platform,com.cim.semanticgraph.graphrag,ContextBuilder,552,0,66,0,118,0,46,0,13,0
CIM-SemanticGraph-Platform,com.cim.semanticgraph.graphrag,GraphTraverser,215,0,12,0,49,0,12,0,6,0
CIM-SemanticGraph-Platform,com.cim.semanticgraph.loadflow.model,CalculationMethod,0,21,0,0,0,4,0,1,0,1
CIM-SemanticGraph-Platform,com.cim.semanticgraph.loadflow.model,Bus.BusBuilder,119,98,0,0,0,1,15,11,15,11
CIM-SemanticGraph-Platform,com.cim.semanticgraph.loadflow.model,NetworkModel.NetworkModelBuilder,55,61,4,4,0,1,10,4,6,4
CIM-SemanticGraph-Platform,com.cim.semanticgraph.loadflow.model,Branch.BranchBuilder,199,0,0,0,1,0,24,0,24,0
CIM-SemanticGraph-Platform,com.cim.semanticgraph.loadflow.model,Bus.BusType,0,21,0,0,0,4,0,1,0,1
CIM-SemanticGraph-Platform,com.cim.semanticgraph.loadflow.model,Branch.BranchType,15,0,0,0,2,0,1,0,1,0
CIM-SemanticGraph-Platform,com.cim.semanticgraph.loadflow.model,Bus,752,137,77,3,13,19,79,19,39,19
CIM-SemanticGraph-Platform,com.cim.semanticgraph.loadflow.model,NetworkModel,421,62,64,0,31,9,57,10,25,10
CIM-SemanticGraph-Platform,com.cim.semanticgraph.loadflow.model,Branch,821,0,82,0,26,0,91,0,50,0
CIM-SemanticGraph-Platform,com.cim.semanticgraph.exception,SparqlException,9,11,0,0,3,4,1,2,1,2
CIM-SemanticGraph-Platform,com.cim.semanticgraph.exception,ResourceNotFoundException,0,28,0,0,0,7,0,3,0,3
CIM-SemanticGraph-Platform,com.cim.semanticgraph.exception,CimException,23,10,0,0,9,4,3,2,3,2
CIM-SemanticGraph-Platform,com.cim.semanticgraph.exception,GlobalExceptionHandler.ErrorResponse.ErrorResponseBuilder,18,56,0,0,0,1,1,9,1,9
CIM-SemanticGraph-Platform,com.cim.semanticgraph.exception,GlobalExceptionHandler,132,217,5,5,42,65,8,9,3,9
CIM-SemanticGraph-Platform,com.cim.semanticgraph.exception,GlobalExceptionHandler.ErrorResponse,291,37,56,0,6,5,44,5,16,5
CIM-SemanticGraph-Platform,com.cim.semanticgraph.exception,ValidationException,9,11,0,0,3,4,1,2,1,2
CIM-SemanticGraph-Platform,com.cim.semanticgraph.config,JenaConfig,232,4,27,0,65,1,29,1,13,1
CIM-SemanticGraph-Platform,com.cim.semanticgraph.config,SecurityConfig,141,0,0,0,19,0,5,0,5,0
CIM-SemanticGraph-Platform,com.cim.semanticgraph.config,WebConfig,93,0,0,0,13,0,3,0,3,0
CIM-SemanticGraph-Platform,com.cim.semanticgraph.dto,LoadFlowResponse.BranchResult.BranchResultBuilder,135,0,0,0,1,0,17,0,17,0
CIM-SemanticGraph-Platform,com.cim.semanticgraph.dto,LoadFlowResponse.SystemStatistics.SystemStatisticsBuilder,36,126,0,0,0,1,1,19,1,19
CIM-SemanticGraph-Platform,com.cim.semanticgraph.dto,LoadFlowResponse.BranchResult,567,0,66,0,18,0,68,0,35,0
CIM-SemanticGraph-Platform,com.cim.semanticgraph.dto,LoadFlowResponse.BusResult.BusResultBuilder,30,105,0,0,0,1,1,16,1,16
CIM-SemanticGraph-Platform,com.cim.semanticgraph.dto,GraphRAGResponse.GraphRAGResponseBuilder,141,0,6,0,1,0,17,0,14,0
CIM-SemanticGraph-Platform,com.cim.semanticgraph.dto,LoadFlowResponse.LoadFlowResponseBuilder,31,91,0,0,0,1,1,14,1,14
CIM-SemanticGraph-Platform,com.cim.semanticgraph.dto,LoadFlowResponse.BusResult,502,49,54,0,16,2,60,2,33,2
CIM-SemanticGraph-Platform,com.cim.semanticgraph.dto,ValidationResult.ValidationResultBuilder,67,0,4,0,1,0,9,0,7,0
CIM-SemanticGraph-Platform,com.cim.semanticgraph.dto,LoadFlowResponse.Violation.ViolationBuilder,18,63,0,0,0,1,1,10,1,10
CIM-SemanticGraph-Platform,com.cim.semanticgraph.dto,LoadFlowResponse.SystemStatistics,550,58,52,0,19,2,65,2,39,2
CIM-SemanticGraph-Platform,com.cim.semanticgraph.dto,GraphRAGResponse,536,0,94,0,15,0,79,0,32,0
CIM-SemanticGraph-Platform,com.cim.semanticgraph.dto,LoadFlowResponse,460,56,80,0,10,6,65,6,25,6
CIM-SemanticGraph-Platform,com.cim.semanticgraph.dto,LoadFlowResponse.Violation,331,31,52,0,10,2,47,2,21,2
CIM-SemanticGraph-Platform,com.cim.semanticgraph.dto,ValidationResult,308,0,54,0,24,0,49,0,22,0
CIM-SemanticGraph-Platform,com.cim.semanticgraph.loadflow.extractor,CIMNetworkExtractor,2545,4,254,0,541,1,146,1,19,1
